资源,阶段,开始_s,结束_s,架次
U07,执行含准备,1495,2989.1703918789085,T001
C-BAT-03,任务占用,1495,2989.1703918789085,T001
C-BAT-03,充电,2989.1703918789085,4530.280674668383,T001
U07,执行含准备,0,1494.1703918789085,T002
C-BAT-01,任务占用,0,1494.1703918789085,T002
C-BAT-01,充电,1494.1703918789085,3049.218068880037,T002
U01,执行含准备,0,1310.9011452644888,T003
A-BAT-01,任务占用,0,1310.9011452644888,T003
A-BAT-01,充电,1310.9011452644888,2176.1576738673125,T003
U01,执行含准备,4183,6186.737524213913,T004
A-BAT-03,任务占用,4183,6186.737524213913,T004
A-BAT-03,充电,6186.737524213913,7525.36899842485,T004
U08,执行含准备,0,2107.8120186387087,T005
C-BAT-02,任务占用,0,2107.8120186387087,T005
C-BAT-02,充电,2107.8120186387087,4609.984630011189,T005
U08,执行含准备,2395,4765.11114433708,T006
C-BAT-04,任务占用,2395,4765.11114433708,T006
C-BAT-04,充电,4765.11114433708,7159.8196383681025,T006
U06,执行含准备,3783,5863.543098275883,T007
B-BAT-02,任务占用,3783,5863.543098275883,T007
B-BAT-02,充电,5863.543098275883,7734.863494279809,T007
U02,执行含准备,4400,6578.805653004716,T008
A-BAT-04,任务占用,4400,6578.805653004716,T008
A-BAT-04,充电,6578.805653004716,8000.6886431959165,T008
U07,执行含准备,4929,7098.061066593225,T009
C-BAT-02,任务占用,4929,7098.061066593225,T009
C-BAT-02,充电,7098.061066593225,9390.087625007398,T009
U07,执行含准备,3051,4928.195158195543,T010
C-BAT-01,任务占用,3051,4928.195158195543,T010
C-BAT-01,充电,4928.195158195543,6905.046348519289,T010
U05,执行含准备,1870,3077.276912821857,T011
B-BAT-03,任务占用,1870,3077.276912821857,T011
B-BAT-03,充电,3077.276912821857,4237.148353708193,T011
U02,执行含准备,0,1313.485266596983,T012
A-BAT-02,任务占用,0,1313.485266596983,T012
A-BAT-02,充电,1313.485266596983,2205.5263053796984,T012
U04,执行含准备,2207,3520.485266596983,T013
A-BAT-02,任务占用,2207,3520.485266596983,T013
A-BAT-02,充电,3520.485266596983,4399.386891339223,T013
U02,执行含准备,1314,3041.4353226736384,T014
A-BAT-06,任务占用,1314,3041.4353226736384,T014
A-BAT-06,充电,3041.4353226736384,4110.82060937935,T014
U03,执行含准备,2177,3844.4353226736384,T015
A-BAT-01,任务占用,2177,3844.4353226736384,T015
A-BAT-01,充电,3844.4353226736384,4885.4010374762,T015
U01,执行含准备,1311,3038.4353226736384,T016
A-BAT-05,任务占用,1311,3038.4353226736384,T016
A-BAT-05,充电,3038.4353226736384,4066.375909519212,T016
U08,执行含准备,4766,6965.7120845921745,T017
C-BAT-03,任务占用,4766,6965.7120845921745,T017
C-BAT-03,充电,6965.7120845921745,9379.647509697968,T017
U05,执行含准备,5294,6852.442247394405,T018
B-BAT-03,任务占用,5294,6852.442247394405,T018
B-BAT-03,充电,6852.442247394405,8427.47745872389,T018
U03,执行含准备,0,1594.8593983215956,T019
A-BAT-03,任务占用,0,1594.8593983215956,T019
A-BAT-03,充电,1594.8593983215956,2649.9179036949267,T019
U04,执行含准备,0,1654.8593983215956,T020
A-BAT-04,任务占用,0,1654.8593983215956,T020
A-BAT-04,充电,1654.8593983215956,2701.5711459384065,T020
U06,执行含准备,5864,7052.423650111658,T021
B-BAT-04,任务占用,5864,7052.423650111658,T021
B-BAT-04,充电,7052.423650111658,8184.473079742696,T021
U06,执行含准备,0,1922.7345559700407,T022
B-BAT-02,任务占用,0,1922.7345559700407,T022
B-BAT-02,充电,1922.7345559700407,3782.107403132738,T022
U06,执行含准备,1923,3433.4702802929446,T023
B-BAT-04,任务占用,1923,3433.4702802929446,T023
B-BAT-04,充电,3433.4702802929446,4890.86360697051,T023
U05,执行含准备,0,1869.7521946190163,T024
B-BAT-01,任务占用,0,1869.7521946190163,T024
B-BAT-01,充电,1869.7521946190163,3463.9156684860036,T024
U05,执行含准备,3465,5293.28858402045,T025
B-BAT-01,任务占用,3465,5293.28858402045,T025
B-BAT-01,充电,5293.28858402045,6959.865250910896,T025
R02,执行含准备,0,3664.861120567841,R-S01
R02,周转,3664.861120567841,3964.861120567841,R-S01
R-ENE-02,任务占用,0,3664.861120567841,R-S01
R-ENE-02,充电,3664.861120567841,4584.447239350626,R-S01
R01,执行含准备,2603,5936.008011277266,R-S02
R01,周转,5936.008011277266,6236.008011277266,R-S02
R-ENE-03,任务占用,2603,5936.008011277266,R-S02
R-ENE-03,充电,5936.008011277266,6813.25756491966,R-S02
R01,执行含准备,0,2302.01144318236,R-S03
R01,周转,2302.01144318236,2602.01144318236,R-S03
R-ENE-01,任务占用,0,2302.01144318236,R-S03
R-ENE-01,充电,2302.01144318236,3049.488991151379,R-S03
R02,执行含准备,4170,7176.754380883539,R-S04
R02,周转,7176.754380883539,7476.754380883539,R-S04
R-ENE-04,任务占用,4170,7176.754380883539,R-S04
R-ENE-04,充电,7176.754380883539,8018.3956677599535,R-S04
