类型,架次,水平巡航_kWh,爬升附加_kWh,悬停通信含建链_kWh,总能耗_kWh,返航SOC
中继,R-S01,0.038551495518396144,0.025055435397201113,0.16836111111111113,0.2319680420267084,0.9275099868666536
中继,R-S02,0.10575764720063212,0.03637527766635683,0.13475,0.27688292486698896,0.913474085979066
中继,R-S03,0.19779151429096956,0.062362561917410936,0.9698333333333333,1.2299874095417138,0.6156289345182144
中继,R-S04,0.2324305289215755,0.048883862660302035,0.8036111111111112,1.0849255026929887,0.660960780408441
中继,R-S05,0.2703524311170618,0.03370295539098317,0.513638888888889,0.817694275396934,0.7444705389384582
运输,T001,1.005314249721739,0.06866996789084541,0,1.0739842176125844,0.7315039455968539
运输,T002,1.0332288363094828,0.06977023667568631,0,1.102999072985169,0.7242502317537077
运输,T003,1.1912436095772037,0.07310591250949437,0,1.264349522086698,0.7190334395362894
运输,T004,5.202622352120876,0.10180036800346376,0,5.30442272012434,0.33694715998445746
运输,T005,5.025772964065505,0.09699838897857667,0,5.122771353044081,0.35965358086948984
运输,T006,5.499152826910365,0.2659246895118714,0,5.765077516422236,0.27936531044722046
运输,T007,2.577169053839313,0.20280109078513253,0,2.7799701446244454,0.30500746384388866
运输,T008,5.163764474733664,0.15134259074507822,0,5.315107065478743,0.33561161681515717
运输,T009,2.737335043814123,0.13395861854023405,0,2.871293662354357,0.2821765844114108
运输,T010,3.5345362174612935,0.11290463149922692,0,3.6474408489605206,0.5440698938799349
运输,T011,1.87367373144687,0.10001388764275446,0,1.9736876190896246,0.5065780952275938
运输,T012,1.0488523228386464,0.08931254074520535,0,1.1381648635838517,0.7154587841040371
运输,T013,1.0779758322206525,0.09111707994588215,0,1.1690929121665348,0.7077267719583663
运输,T014,1.219494726875995,0.0920878203086853,0,1.3115825471846803,0.7085372117367377
运输,T015,1.4926792642710014,0.16383675041834514,0,1.6565160146893465,0.5858709963276634
运输,T016,1.6089381725993017,0.17110858654340108,0,1.7800467591427027,0.5549883102143243
运输,T017,5.702449626446805,0.1336196354822795,0,5.836069261929085,0.2704913422588644
运输,T018,2.0242970657689905,0.07193803729905023,0,2.096235103068041,0.4759412242329898
运输,T019,1.6976241566271648,0.12556445380952624,0,1.823188610436691,0.5442028473908272
运输,T020,0.9963674667742694,0.0775927554512024,0,1.0739602222254718,0.731509944443632
运输,T021,2.6222738673601205,0.13012501070764332,0,2.7523988780677637,0.31190028048305907
运输,T022,3.139064898340145,0.11006957972344293,0,3.2491344780635876,0.5938581902420516
运输,T023,1.9229682503328447,0.2174089970525106,0,2.1403772473853553,0.4649056881536612
运输,T024,2.1322770145296897,0.1752076013713413,0,2.307484615901031,0.4231288460247422
运输,T025,1.005314249721739,0.06866996789084541,0,1.0739842176125844,0.7315039455968539
运输,T026,1.0332288363094828,0.06977023667568631,0,1.102999072985169,0.7242502317537077
运输,T027,1.0332288363094828,0.06977023667568631,0,1.102999072985169,0.7242502317537077
运输,T028,1.1473502769006467,0.07307104303020902,0,1.2204213199308558,0.694894670017286
