架次编号,无人机编号,机型,电池编号,开始准备_s,起飞_s,访问顺序,返航完成_s,能耗_kWh,返航SOC,质量_kg,体积_m3,货箱列表
T001,U06,B,B-BAT-02,10956,11316.0,S001,12105.101521843102,1.0739842176125844,0.7315039455968539,20.0,0.062,S001-WAT-05;S001-HYG-01
T002,U05,B,B-BAT-01,9307,9667.0,S001,10456.101521843102,1.102999072985169,0.7242502317537077,22.0,0.055,S001-WAT-03;S001-FOD-02
T003,U01,A,A-BAT-01,0,390.0,S001,1310.9011452644888,1.264349522086698,0.7190334395362894,20.0,0.051000000000000004,S001-MED-01;S001-MED-02;S001-WAT-01
T004,U07,C,C-BAT-03,1612,2032.0,S002,3587.8120186387087,5.304422720124341,0.33694715998445735,44.0,0.11,S002-WAT-01;S002-WAT-04;S002-FOD-01;S002-FOD-02
T005,U08,C,C-BAT-02,0,420.0,S002,1975.8120186387084,5.122771353044081,0.35965358086948984,37.0,0.101,S002-MED-01;S002-WAT-02;S002-WAT-03;S002-HYG-01
T006,U07,C,C-BAT-01,3588,4038.0,S003,5958.11114433708,5.765077516422236,0.27936531044722046,56.0,0.14400000000000002,S003-WAT-01;S003-WAT-02;S003-WAT-03;S003-FOD-01;S003-HYG-01
T007,U06,B,B-BAT-02,3793,4183.0,S003,5873.543098275883,2.7799701446244454,0.30500746384388866,25.0,0.067,S003-MED-01;S003-WAT-04;S003-FOD-02
T008,U08,C,C-BAT-02,4857,5247.0,S004,6960.061066593225,5.315107065478743,0.33561161681515717,34.0,0.089,S004-WAT-01;S004-WAT-02;S004-HYG-01
T009,U06,B,B-BAT-04,5874,6264.0,S004,7855.6480111733035,2.871293662354357,0.2821765844114108,25.0,0.067,S004-MED-01;S004-WAT-03;S004-FOD-01
T010,U07,C,C-BAT-03,5959,6349.0,S005,7638.195158195543,3.6474408489605206,0.5440698938799349,34.0,0.089,S005-WAT-01;S005-WAT-02;S005-HYG-01
T011,U06,B,B-BAT-02,7856,8246.0,S005,9432.174861971584,1.9736876190896244,0.5065780952275939,25.0,0.067,S005-MED-01;S005-WAT-03;S005-FOD-01
T012,U05,B,B-BAT-01,11607,11967.0,S006,12814.276912821857,1.1381648635838517,0.7154587841040371,20.0,0.062,S006-WAT-03;S006-HYG-01
T013,U05,B,B-BAT-01,6689,7049.0,S006,7896.276912821857,1.1690929121665345,0.7077267719583664,22.0,0.055,S006-WAT-02;S006-FOD-01
T014,U02,A,A-BAT-02,0,360.0,S006,1313.485266596983,1.3115825471846803,0.7085372117367377,17.0,0.039,S006-MED-01;S006-WAT-01
T015,U05,B,B-BAT-03,12815,13175.0,S007,14391.284389486567,1.6565160146893467,0.5858709963276634,20.0,0.062,S007-WAT-02;S007-HYG-01
T016,U05,B,B-BAT-03,1556,1946.0,S007,3192.2843894865673,1.780046759142703,0.5549883102143243,25.0,0.067,S007-MED-01;S007-WAT-01;S007-FOD-01
T017,U08,C,C-BAT-04,1976,2426.0,S008,4175.7120845921745,5.836069261929085,0.2704913422588644,45.0,0.129,S008-MED-01;S008-WAT-01;S008-WAT-02;S008-FOD-01;S008-HYG-01
T018,U05,B,B-BAT-03,5022,5412.0,S009,6580.442247394405,2.096235103068041,0.4759412242329898,25.0,0.067,S009-MED-01;S009-WAT-01;S009-FOD-01
T019,U05,B,B-BAT-01,0,390.0,S010,1555.3769024463388,1.8231886104366912,0.5442028473908271,25.0,0.067,S010-MED-01;S010-WAT-01;S010-FOD-01
T020,U06,B,B-BAT-04,9767,10157.0,S011,10955.423650111657,1.0739602222254718,0.731509944443632,25.0,0.067,S011-MED-01;S011-WAT-01;S011-FOD-01
T021,U06,B,B-BAT-02,0,390.0,S012,1922.7345559700407,2.7523988780677637,0.31190028048305907,25.0,0.067,S012-MED-01;S012-WAT-01;S012-FOD-01
T022,U07,C,C-BAT-01,0,390.0,S013,1611.6308882031008,3.2491344780635876,0.5938581902420516,25.0,0.067,S013-MED-01;S013-WAT-01;S013-FOD-01
T023,U06,B,B-BAT-04,1923,2313.0,S014,3792.7521946190163,2.1403772473853553,0.4649056881536612,25.0,0.067,S014-MED-01;S014-WAT-01;S014-FOD-01
T024,U05,B,B-BAT-01,3193,3583.0,S015,5021.28858402045,2.307484615901031,0.4231288460247422,25.0,0.067,S015-MED-01;S015-WAT-01;S015-FOD-01
T025,U06,B,B-BAT-02,13256,13616.0,S001,14405.101521843102,1.0739842176125844,0.7315039455968539,20.0,0.062,S001-WAT-08;S001-HYG-02
T026,U05,B,B-BAT-03,10457,10817.0,S001,11606.101521843102,1.102999072985169,0.7242502317537077,22.0,0.055,S001-WAT-04;S001-FOD-03
T027,U05,B,B-BAT-03,8157,8517.0,S001,9306.101521843102,1.102999072985169,0.7242502317537077,22.0,0.055,S001-WAT-02;S001-FOD-01
T028,U06,B,B-BAT-04,12106,12466.0,S001,13255.101521843102,1.2204213199308558,0.694894670017286,28.0,0.054,S001-WAT-06;S001-WAT-07
