货箱编号,服务区,物资类型,架次,交付完成_s,硬截止_s,期望时间_s,是否首批,应急权重
S001-MED-01,S001,医疗物资,T003,968.5739059655778,3600.0,3600.0,True,24.0
S001-MED-02,S001,医疗物资,T003,968.5739059655778,3600.0,3600.0,False,24.0
S001-WAT-01,S001,饮用水,T003,968.5739059655778,3600.0,3600.0,True,12.0
S002-MED-01,S002,医疗物资,T005,1355.3160093193542,3600.0,3600.0,True,24.0
S002-WAT-02,S002,饮用水,T005,1355.3160093193542,,3600.0,False,12.0
S002-WAT-03,S002,饮用水,T005,1355.3160093193542,,3600.0,False,12.0
S002-HYG-01,S002,生活卫生用品,T005,1355.3160093193542,,10800.0,False,8.0
S006-MED-01,S006,医疗物资,T014,935.5059666318248,3600.0,3600.0,True,24.0
S006-WAT-01,S006,饮用水,T014,935.5059666318248,3600.0,3600.0,True,12.0
S010-MED-01,S010,医疗物资,T019,1085.2251178898362,3600.0,3600.0,True,24.0
S010-WAT-01,S010,饮用水,T019,1085.2251178898362,3600.0,3600.0,True,12.0
S010-FOD-01,S010,应急食品,T019,1085.2251178898362,,7200.0,False,10.0
S012-MED-01,S012,医疗物资,T021,1271.2972779850202,3600.0,7200.0,True,22.0
S012-WAT-01,S012,饮用水,T021,1271.2972779850202,3600.0,3600.0,True,12.0
S012-FOD-01,S012,应急食品,T021,1271.2972779850202,,7200.0,False,10.0
S013-MED-01,S013,医疗物资,T022,1133.6154441015503,3600.0,3600.0,True,24.0
S013-WAT-01,S013,饮用水,T022,1133.6154441015503,3600.0,3600.0,True,12.0
S013-FOD-01,S013,应急食品,T022,1133.6154441015503,,7200.0,False,10.0
S007-MED-01,S007,医疗物资,T016,2681.7821947432835,3600.0,3600.0,True,24.0
S007-WAT-01,S007,饮用水,T016,2681.7821947432835,3600.0,3600.0,True,12.0
S007-FOD-01,S007,应急食品,T016,2681.7821947432835,,7200.0,False,10.0
S002-WAT-01,S002,饮用水,T004,2967.316009319354,3600.0,3600.0,True,12.0
S002-WAT-04,S002,饮用水,T004,2967.316009319354,,3600.0,False,12.0
S002-FOD-01,S002,应急食品,T004,2967.316009319354,,7200.0,False,10.0
S002-FOD-02,S002,应急食品,T004,2967.316009319354,,7200.0,False,10.0
S014-MED-01,S014,医疗物资,T023,3165.432763976175,3600.0,7200.0,True,22.0
S014-WAT-01,S014,饮用水,T023,3165.432763976175,3600.0,3600.0,True,12.0
S014-FOD-01,S014,应急食品,T023,3165.432763976175,,7200.0,False,10.0
S008-MED-01,S008,医疗物资,T017,3473.6960422960874,7200.0,7200.0,True,20.0
S008-WAT-01,S008,饮用水,T017,3473.6960422960874,7200.0,7200.0,True,10.0
S008-WAT-02,S008,饮用水,T017,3473.6960422960874,,7200.0,False,10.0
S008-FOD-01,S008,应急食品,T017,3473.6960422960874,,10800.0,False,8.0
S008-HYG-01,S008,生活卫生用品,T017,3473.6960422960874,,14400.0,False,6.0
S015-MED-01,S015,医疗物资,T024,4410.584292010225,7200.0,7200.0,True,18.0
S015-WAT-01,S015,饮用水,T024,4410.584292010225,10800.0,10800.0,True,8.0
S015-FOD-01,S015,应急食品,T024,4410.584292010225,,14400.0,False,6.0
S003-WAT-01,S003,饮用水,T006,5167.5155721685405,7200.0,7200.0,True,10.0
S003-WAT-02,S003,饮用水,T006,5167.5155721685405,,7200.0,False,10.0
S003-WAT-03,S003,饮用水,T006,5167.5155721685405,,7200.0,False,10.0
S003-FOD-01,S003,应急食品,T006,5167.5155721685405,,10800.0,False,8.0
S003-HYG-01,S003,生活卫生用品,T006,5167.5155721685405,,14400.0,False,6.0
S003-MED-01,S003,医疗物资,T007,5141.244882471275,7200.0,7200.0,True,20.0
S003-WAT-04,S003,饮用水,T007,5141.244882471275,,7200.0,False,10.0
S003-FOD-02,S003,应急食品,T007,5141.244882471275,,10800.0,False,8.0
S004-WAT-01,S004,饮用水,T008,6242.500533296613,7200.0,7200.0,True,10.0
S004-WAT-02,S004,饮用水,T008,6242.500533296613,,7200.0,False,10.0
S004-HYG-01,S004,生活卫生用品,T008,6242.500533296613,,14400.0,False,6.0
S009-MED-01,S009,医疗物资,T018,6112.811123697203,10800.0,10800.0,True,16.0
S009-WAT-01,S009,饮用水,T018,6112.811123697203,10800.0,10800.0,True,8.0
S009-FOD-01,S009,应急食品,T018,6112.811123697203,,14400.0,False,6.0
S004-MED-01,S004,医疗物资,T009,7176.470672253318,7200.0,7200.0,True,20.0
S004-WAT-03,S004,饮用水,T009,7176.470672253318,,7200.0,False,10.0
S004-FOD-01,S004,应急食品,T009,7176.470672253318,,10800.0,False,8.0
S005-WAT-01,S005,饮用水,T010,7134.232579097771,10800.0,10800.0,True,8.0
S005-WAT-02,S005,饮用水,T010,7134.232579097771,,10800.0,False,8.0
S005-HYG-01,S005,生活卫生用品,T010,7134.232579097771,,18000.0,False,4.0
S006-WAT-02,S006,饮用水,T013,7571.401789744262,,3600.0,False,12.0
S006-FOD-01,S006,应急食品,T013,7571.401789744262,,7200.0,False,10.0
S005-MED-01,S005,医疗物资,T011,8956.844097652458,10800.0,10800.0,True,16.0
S005-WAT-03,S005,饮用水,T011,8956.844097652458,,10800.0,False,8.0
S005-FOD-01,S005,应急食品,T011,8956.844097652458,,14400.0,False,6.0
S001-WAT-02,S001,饮用水,T027,9014.674094254884,,3600.0,False,12.0
S001-FOD-01,S001,应急食品,T027,9014.674094254884,,7200.0,False,10.0
S001-WAT-03,S001,饮用水,T002,10164.674094254884,,3600.0,False,12.0
S001-FOD-02,S001,应急食品,T002,10164.674094254884,,7200.0,False,10.0
S011-MED-01,S011,医疗物资,T020,10673.398491722495,10800.0,10800.0,True,16.0
S011-WAT-01,S011,饮用水,T020,10673.398491722495,10800.0,10800.0,True,8.0
S011-FOD-01,S011,应急食品,T020,10673.398491722495,,14400.0,False,6.0
S001-WAT-04,S001,饮用水,T026,11314.674094254884,,3600.0,False,12.0
S001-FOD-03,S001,应急食品,T026,11314.674094254884,,7200.0,False,10.0
S001-WAT-05,S001,饮用水,T001,11813.674094254884,,3600.0,False,12.0
S001-HYG-01,S001,生活卫生用品,T001,11813.674094254884,,10800.0,False,8.0
S006-WAT-03,S006,饮用水,T012,12489.40178974426,,3600.0,False,12.0
S006-HYG-01,S006,生活卫生用品,T012,12489.40178974426,,10800.0,False,8.0
S001-WAT-06,S001,饮用水,T028,12963.674094254884,,3600.0,False,12.0
S001-WAT-07,S001,饮用水,T028,12963.674094254884,,3600.0,False,12.0
S007-WAT-02,S007,饮用水,T015,13880.782194743284,,3600.0,False,12.0
S007-HYG-01,S007,生活卫生用品,T015,13880.782194743284,,10800.0,False,8.0
S001-WAT-08,S001,饮用水,T025,14113.674094254884,,3600.0,False,12.0
S001-HYG-02,S001,生活卫生用品,T025,14113.674094254884,,10800.0,False,8.0
